store_name,store_description,store_collection
Mason - Super Thin iPhone Cases,The original super thin iPhone cases that perfectly balances protection and style,"iphone 11, iphone xs max, iphone x, iphone xr, iphone 11 pro max, aramid fiber case, card holder, iphone 11 pro, leather airpods case, iphone xs, iphone 8, super thin case, iphone 8 plus, leather folio case"
Chictypeaccessoires | accessoires mode homme bracelet pince cravate,La boutique Chic Type est votre boutique d'accessoires pour hommes. Si vous souhaitez trouver des accessoires mode homme bracelet pince a cravate noeud papillon mouchoir de poche bouton de manchette costume chemise chic classe styl√© beaut√© v√™tement veste pantalon suits,"noeud papillon, ceinture, les accessoires utiles, cravate, lunette de soleil, bouton de manchette, pince a cravate, bracelet, montre, mouchoir de poche"
Le Corps Fitness ,Le Corps Fitness ,"trainers, short sets, yoga sets, reine, one piece sets, e o l shoppe, le corps heat"
American Jewel,"American Jewel Accessories, Bags & Beauty for girls and tweens.","sale, yummy gummy purses, party bags, jewels, yummy gummy wristlets, yummy gummy, hair ties, yummy gummy bracelets, bags accessories, beauty, glam girls, jewels 1, yummy gummy backpacks"
Ana illueca. Ceramics with Valencia character. Contemporary ceramic.,"Ceramics with Valencia character. Plates, vases, mugs... clay and passion. Art, artisan, mediterranean colors.",
Nana Nails Store,Nana Nails Store,"printed, cow, minamalist, giftcard, simple, replacement nail, sizing kit, glam, butterfly, all nails"
Soportes para gel hidroalcoh√≥lico,Soporte Gel,"soportes dispensador gel, gel hidroalcoholico"
Normcore Fragrance,"Normcore fragrance housing some of the most unique perfume and personal scents products. Discover niche fragrance. ""The simple things in our lives are often the most magnificent and being normal does not mean you lose personality. Reveal yourself over scent and make a statement."" Normcore Perth...","incense burner, perfume oil, incense matches, perfume, incense, mihan aromatics, hibi, maho"
Weenie Warmers,"The Original Snuggle Sack for dogs who like to burrow under the covers. Weenie Warmers, Doggy Dream Blankets and Unique Items for Dogs and Dog Lovers.","fun stuff, the halloweenie costume shop, gifts under 20, doxbox, pjs, holiday, for him, for her 1, sweaters, weenie warmers, nursery, jackets, weenie wear, free toy of the month club, doggy dream blankets, dachshund mobiles, bucks boutique, gift sets, kitchen, greeting cards gift wrap"
Felicidade boutique,Felicidade boutique,"orgonite, massage, meilleures ventes bijoux, collection quartz rose, bijoux maconniques"
Foscam¬Æ Official Store - Home & Business Security Camera,"Huge Range Of Indoor & Outdoor Security Cameras For Home & Business Monitoring. Simple. Smart. Secure. Free Express Delivery & Support. Buy Directly From Us And Save. Secure Checkout. Fast Delivery. Simple, Smart & Secure. Free Shipping.","indoor camera, deals, best seller, bogo, accessories, webcam, outdoor camera, new arrival, security camera system"
Spray Bike Europe,"Spray.Bike was created out of frustration with existing products. If you‚Äôre not an experienced pro, it‚Äôs so difficult to use metal or car spray paint on bikes.","vendors, trending, all products colour spectrum, historic collection, pop collection"
Somos Gallery,"Somos Gallery carries products by: Suavecito Pomade, Upper playground, Kidrobot, Rebel 8, Acrylick Clothing, Kustom Kulture, Pop Art,Lowbrow, Street Art, Designer Toys, Urban Vinyl Toys, Vinyl Records, pins, patches","cassette tapes, vinyl records 12 singles, vinyl records 7 inch singles, books, magazines, hats, frontpage, mens hoodies, grooming products, art prints, collectible, skatedecks, womens apparel, urban art book, dvd, homewares, pins and patches, blindbox toys, sassy oddities, as is open box products, mens t shirts, stickers, vinyl records, art originals, cds"
"Festival Hats, Bridal Party Hats, Swarovski, Unique Hats","This website features unique Festival and Bridal Party hats from hat maker to the stars, Jo Burton. Each hat is embellished with hundreds of Swarovski Crystals and unique jewels from costume jeweller to the stars and royalty, Butler and Wilson. These are high end creations to enable you to stand out from the crowd",
Will and Way Bracelets - Customizable Hair-tie Bracelets,"Will and Way Hair Tie Bracelets is a functional, innovative and interchangeable approach to hair-tie bracelet design. Great Gift for Any Occasion!","bracelets, caps, vendors, design your own"
Orbit Apparel CA | Free US/Canada Shipping On Orders Over $100 CAD!,"Orbit Apparel CA, a Canadian based apparel brand for influencers, change makers and forerunners. Follow us on Instagram @orbitapparelca","tie dye, inv, spring 2020, summer 2020"
Inside Adventure | Wooden Jigsaw Puzzles | Custom Puzzles,"Contemporary wooden jigsaw puzzles, made with 5mm plywood & the best quality paper & inks. No two pieces are alike! A unique gift and a great game night activity!","large puzzles, medium puzzles, all puzzles, personalized puzzles"
"Stitch and Stone, Women's Clothing, Jewelry and Accessorie Boutique.","Stitch & Stone, We are a bohemian inspired boutique featuring clothing, jewelry, and home decor proudly showcasing many designers. Sudbury, Ontario, Canada.","black friday, dresses, sweaters cardigans, hair accessories, kpure, sale outerwear, vendors, slips, beauty, curvy basics, william rae designs, buck naked, summer dress sale, sale footwear, knits, fall stitch box, girls bottoms, the mens shop, accessories, clothing, intimates, womens, scarves, hair, brands, new arrivals, sale sweaters, last call, denim, bags, bath body, undies bras, under carriage, sale tops, outerwear, z supply 1, oral, swim, sale dresses and jumpers, sunglasses, jackets, best selling products, hoodies sweatshirts, gift cards, lovefresh, bottoms 1, sale bottoms, sale hats, baby, kimonos ponchos, newest products, pants, skincare, girls dresses jumpers, footwear, small batch soaps, hats, curvy, walton wood farm, smash tess fall 2019, sweaters, home goods, routine, candles, drinkware, girls tops, home decor, curvy sale, tops tees, designer jewelry, wildflower for website, books, levis, fall bags"
Bath Bombs Soakey Dokey,"Hand crafted with skin nourishing coconut oil and a variety of vivid colors and intoxicating scents, Soakey Dokey bath bombs are sure to please! Choose your fav","scrubs by soakey dokey, handmade designer soaps, gift sets, bubble bars, wax melts, candles, supplies, killer deals, bath bombs"
SHABNAM Q,SHABNAM Q,"earring pairs, eye and tear earrings, just hands, large earrings, rainbow, mirror hand earrings, blue earrings, small earrings, neon hand eye earrings, neon earrings, eye earrings 1, eye earrings, mirror earrings, hand eye earrings, neon snakes, shrooms, gold earrings, hand cloud earrings, neon hand earrings, wood earrings, earring single, mirror snake, hand earrings, neon pink earrings, neon green earrings, neon orange earrings, snake earrings"
Carbon Battery Company,Carbon Battery Company,"solar chargers, accessories, batteries, battery chargers, frontpage"
"One Box Left :: Apenas os melhores ""gadgets"" para sua cozinha!","Se voc√™ procura novidades, inova√ß√µes a pre√ßo baixo, este √© seu lugar. Entre e confira a nossa sele√ß√£o dos melhores produtos para sua cozinha!","dish clothes towels, manual appliances, storages organizers, electric gadgets, top appliances"
Redcodeshopp,Redcodeshopp,"mascotas, relojes, maletas mochilas y backpacks, casa y jardin, smart watches, perfumes y fragancias para dama, scooters, patines, deportes, perfumes y fragancias para caballero, leggins tie dye joggers, zapatos y tenis, bolsas para dama, skate, belleza, moda hombre, patinetas, celulares y accesorios, juguetes, cocina, joyeria dama y caballero"
Pink And Sassy Online boutique ,Pink And Sassy Online boutique ,
VroomBoiz - Car T-shirts & Apparel,"High quality Car inspired Apparel. Explore our range of automotive clothing and apparel! We offer worldwide shipping. Discover now! Mazda Miata, Subaru, Honda T-Shirts!","stickers, honda, hats, hoodies, miata, custom, apparel, phone cases, subaru, trending, best selling"
the tshirt collective,the tshirt collective,"mens pockteers, mens tees, pocketeers, womens tees, womes pockteers, custom printing"
"Best place to shop 3D full-print hoodie, t-shirt, pants and more.","Best place to shop 3D full-print hoodie, t-shirt, pants and more. Signup For Newsletter. Track An Order. Worldwide Delivery. Multiple Payment Options. Secure Payments. Highlights: Online Shopping Available, We Provide Quality Services, Worldwide Delivery Available.","shoes 1, william shakespeare, poet, hawaiian shirt, stained glass hawaiian shirt, patriotic apparel, italy, tank and leggings, united kingdom, edgar allan poe, saint patrick day, oscar wilde, basic tee, christian, bed settings, hoodies 1, knights, tumbler, catholics, austria, shorts, face mask, rug, fathers day, poland, phone case, merica history collection, literature, kid all over print, jesus, charles bukowski, horror 1, united states, sweatpants, royalty face mask, france, kid collection, wicca, russia, bomber, tapestry, all over print hoodies, hawaii shirt, vikings, blanket, samurai, christmas specials %F0%9F%8E%85, polo 1, german"
Helkey Philippines,The best Filipino baby shop for babies and mommies.,frontpage
BalkeneHome.com: Versatile Furnishings & Outdoor Heating,"Firesense by Balkene Home. FireSense.com: Patio Heaters - Fire Pits - Indoor/Outdoor Furniture - Comfort, Quality and Style Since 1998. We believe in customer satisfaction.","outdoor heating, parts, bbq tool set, indoor heating, patio sense furniture, electric fireplaces, products, fire pits, rv camping, gas fire pits, outdoor furnishings, electric heaters, heater accessories, gas patio heaters, ppg banner collection, patio fireplaces, wood burning, fire pit accessories, patio heaters, charcoal grills, balkene home, sale items, prime pellet grills, bbq grills, indoor furnishings, vinyl outdoor covers"
Stride | Buy Ethical Fashion from Australian Brands,"With sustainable fashion from over 75 local brands, Stride is your go-to fashion destination. Whether you need clothing, accessories or footwear, we are with you every step of the way. Buy online now!","earrings, ponchos, fair trade, all footwear, curve 12 26, mens shorts, footwear, eubi shorts, impact fashion, beanies, time iv change 1, men accessories, mens clothing, under 150 sale, ethical belts, gloves, denim, swimwear, playsuits, mens sale accessories, unisex clothing, men ethical fashion, vegan, pants, dorsu, tanks singlets, dresses, womens sale clothing, mens denim, tasi travels, environment, shirts, scrunchies, mens tops, mens vegan sneakers, mens underwear, folktribe clothing, mens activewear, mens watches straps, australian made clothing, mens sleepwear, ettitude, jackets, skirts, necklace, activewear, womens sale footwear, mens sale, women, women accesories, womens clothing, lingerie, tops, neutral non binary, towel, bags, hats, under 100 sale, underwear, mens wallets, under 200 sale, inclusion empowerment, australian made, socks, selling fast, jumpers, sustainable sleepwear, womens sale accessories, under 50 sale, ethical bracelet, environment sustainable fashion, mens shirt, impact, scarves, sale, mens jumpers sweaters, vendors, other, mens pants"
"Handmade Chocolates from Oban, Argyll, Scotland","Visit the Oban Chocolate Company on the Esplanade, or buy our beautiful handmade chocolates online","selection boxes, bits and bobs, celebration cakes, build your own box, wedding favours, vegan dairy free, artisan bars"
Brodie‚Äôs Blossoms,Brodie‚Äôs Blossoms,"custom order checkout, bespoke bibs square and flat bandana collection, ready to ship items, essentials custom made, bespoke bibs, sets, available fabrics, limited edition bunched bandana bibs"
Korea Fashion and Beauty Products,Korea fashion style and Beauty Products. we love to follow high fashion trend.,"front page, tops, bottoms, dresses, outers, set, satin banding skirt"
Chicstocking-Women Fashion Stocking Socks Online Shop,"Fast Shipping All over the World, Low Price and High Qulity, Unique Designs for you!","pantyhose, stockings, socks, best selling products, garters, compression socks, newest products 1"
"Slam Factory Indoor Skatepark | Skate, Scooter, BMX Shop Central Coast","Slam Factory is an Indoor Skatepark as well as a Skateboard, Scooter and BMX Shop, located in Tuggerah on the Central Coast, NSW. Our skatepark features wooden ramps, rails, resi, a foam pit and more to suit all ages. We offer professional Coaching (Private 1-on-1 and Group lessons) and 2-hour Private Birthday Parties.","skateboard bearings, skateboard hardware, scooter headsets, knee pads, scooter decks, skateboard griptape, skateboard decks, shoes, complete scooters, scooter brakes, gloves, helmets, scooter forks, popular products, scooter clamps, scooter accessories, skateboard wheels, skateboards, subrosa street rail, complete skateboards, scooter handlebars, combo packs, scooter wheels, skateboard trucks, protective gear, complete bmx bikes, scooters, bmx, scooter handlebar grips, skateboard accessories, apparel, scooter griptape"
Boutique Casa Luca,"La boutique √† Montr√©al pour des id√©es cadeaux surprenantes, des accessoires d√©co exclusifs, des articles de cuisine inusit√©s et des bijoux tendance.","nouveaute montreal, cuisine, produits quebecois, bijoux, deco, papeterie, pour vos cocktails mocktails, soins, accessoires, gadgets, gourmet, couvre visages"
Custom Cable Connection - Custom Audio Video Cables,"Custom Cable Connection is the one stop shop for all your cable and wiring needs. Shop custom audio and video cables, hardware, and adapters today.","audio video inserts, a v data wall plates, classroom speakers amps, network cables, tools, bulk power cord, patch panels, connectors adapters, bulk audio cable, cables, audio video cables, hardware accessories, network connectors, datacomm electronics, computer cables, accessories, custom cable connection, coaxial connectors, roemtech, bulk coax cable, multiconductor, sale, d sub connectors, wall plate, wallplate accessories, bulk network cable, audio video connectors, bulk wire, canare, belden, voice data inserts, pro audio, rf industries"